,algorithm,linkage,k,Silhouette,Davies_Bouldin,Calinski_Harabasz,silhouette_exact,silhouette_sample_size
0,Agglomerative,ward,2,0.3571025601809661,1.0836918216944893,1971.2718743363957,True,full dataset
1,Agglomerative,ward,3,0.14844065553362162,1.93102107096216,1888.8848747989828,True,full dataset
2,Agglomerative,ward,4,0.14920747941711948,1.682691918020459,1973.6002421278943,True,full dataset
3,Agglomerative,ward,5,0.1611765316427913,1.643720168558508,1944.0839690422,True,full dataset
4,Agglomerative,ward,6,0.1336603893968011,1.546122909776093,1823.3180900616285,True,full dataset
5,Agglomerative,ward,7,0.12958080146812,1.5748746231748083,1729.4963327673695,True,full dataset
6,Agglomerative,ward,8,0.12993893117890928,1.5408985057639493,1671.8311203440128,True,full dataset
7,Agglomerative,ward,9,0.12686689862486208,1.6020590980970149,1584.2953813773597,True,full dataset
8,Agglomerative,ward,10,0.12133615154991986,1.6578619705358624,1520.9844164609221,True,full dataset
